{
  "Angular2-TypeScript-TodoMVC/Adding100Items/Async": 33.538260428328925,
  "Angular2-TypeScript-TodoMVC/Adding100Items/Sync": 50.54110812573018,
  "Angular2-TypeScript-TodoMVC/Adding100Items/total": 84.1044275896873,
  "Angular2-TypeScript-TodoMVC/CompletingAllItems/Async": 14.985417582035852,
  "Angular2-TypeScript-TodoMVC/CompletingAllItems/Sync": 9.68633971708442,
  "Angular2-TypeScript-TodoMVC/CompletingAllItems/total": 24.759709781410752,
  "Angular2-TypeScript-TodoMVC/DeletingItems/Async": 2.6688699191080087,
  "Angular2-TypeScript-TodoMVC/DeletingItems/Sync": 17.675015899976948,
  "Angular2-TypeScript-TodoMVC/DeletingItems/total": 20.345005064408017,
  "Angular2-TypeScript-TodoMVC/total": 129.37478707424535,
  "AngularJS-TodoMVC/Adding100Items/Async": 43.89093806237174,
  "AngularJS-TodoMVC/Adding100Items/Sync": 215.14773359376642,
  "AngularJS-TodoMVC/Adding100Items/total": 259.0820849355286,
  "AngularJS-TodoMVC/CompletingAllItems/Async": 28.499337797883584,
  "AngularJS-TodoMVC/CompletingAllItems/Sync": 67.12293289175992,
  "AngularJS-TodoMVC/CompletingAllItems/total": 95.63210271084883,
  "AngularJS-TodoMVC/DeletingAllItems/Async": 15.459955574700372,
  "AngularJS-TodoMVC/DeletingAllItems/Sync": 245.6579559410738,
  "AngularJS-TodoMVC/DeletingAllItems/total": 261.52083353031475,
  "AngularJS-TodoMVC/total": 618.6280181832079,
  "BackboneJS-TodoMVC/Adding100Items/Async": 40.07853091504755,
  "BackboneJS-TodoMVC/Adding100Items/Sync": 70.23374388695451,
  "BackboneJS-TodoMVC/Adding100Items/total": 110.3266056738373,
  "BackboneJS-TodoMVC/CompletingAllItems/Async": 31.19895279015274,
  "BackboneJS-TodoMVC/CompletingAllItems/Sync": 46.03171793109905,
  "BackboneJS-TodoMVC/CompletingAllItems/total": 77.23272850984884,
  "BackboneJS-TodoMVC/DeletingAllItems/Async": 3.5888175394817576,
  "BackboneJS-TodoMVC/DeletingAllItems/Sync": 29.400980380009464,
  "BackboneJS-TodoMVC/DeletingAllItems/total": 33.007879722740014,
  "BackboneJS-TodoMVC/total": 220.59190521674586,
  "Elm-TodoMVC/Adding100Items/Async": 46.667434524782855,
  "Elm-TodoMVC/Adding100Items/Sync": 121.77523706310117,
  "Elm-TodoMVC/Adding100Items/total": 169.5730723103266,
  "Elm-TodoMVC/CompletingAllItems/Async": 34.33096457273675,
  "Elm-TodoMVC/CompletingAllItems/Sync": 133.987238235521,
  "Elm-TodoMVC/CompletingAllItems/total": 169.6434358957009,
  "Elm-TodoMVC/DeletingItems/Async": 10.275024436284422,
  "Elm-TodoMVC/DeletingItems/Sync": 155.28212182871604,
  "Elm-TodoMVC/DeletingItems/total": 166.16363726204898,
  "Elm-TodoMVC/total": 523.8754503958555,
  "EmberJS-Debug-TodoMVC/Adding100Items/Async": 43.18225116986193,
  "EmberJS-Debug-TodoMVC/Adding100Items/Sync": 535.7959146130677,
  "EmberJS-Debug-TodoMVC/Adding100Items/total": 579.0046625791672,
  "EmberJS-Debug-TodoMVC/CompletingAllItems/Async": 30.01914967076641,
  "EmberJS-Debug-TodoMVC/CompletingAllItems/Sync": 342.9028973499703,
  "EmberJS-Debug-TodoMVC/CompletingAllItems/total": 373.06318295383545,
  "EmberJS-Debug-TodoMVC/DeletingItems/Async": 5.701822236950915,
  "EmberJS-Debug-TodoMVC/DeletingItems/Sync": 384.0259868102089,
  "EmberJS-Debug-TodoMVC/DeletingItems/total": 390.42635658938394,
  "EmberJS-Debug-TodoMVC/total": 1348.4204396708865,
  "EmberJS-TodoMVC/Adding100Items/Async": 37.552349488760875,
  "EmberJS-TodoMVC/Adding100Items/Sync": 200.68410600014565,
  "EmberJS-TodoMVC/Adding100Items/total": 238.35241023706604,
  "EmberJS-TodoMVC/CompletingAllItems/Async": 29.689845354355327,
  "EmberJS-TodoMVC/CompletingAllItems/Sync": 122.50298013311736,
  "EmberJS-TodoMVC/CompletingAllItems/total": 152.3870950609049,
  "EmberJS-TodoMVC/DeletingItems/Async": 3.479856710527418,
  "EmberJS-TodoMVC/DeletingItems/Sync": 79.7706225639913,
  "EmberJS-TodoMVC/DeletingItems/total": 83.51603056704776,
  "EmberJS-TodoMVC/total": 476.4555689639891,
  "Flight-TodoMVC/Adding100Items/Async": 35.568338911024334,
  "Flight-TodoMVC/Adding100Items/Sync": 96.90011020894656,
  "Flight-TodoMVC/Adding100Items/total": 132.4763497916849,
  "Flight-TodoMVC/CompletingAllItems/Async": 27.498009031408966,
  "Flight-TodoMVC/CompletingAllItems/Sync": 103.37097460587752,
  "Flight-TodoMVC/CompletingAllItems/total": 130.871571087093,
  "Flight-TodoMVC/DeletingItems/Async": 2.856555783976868,
  "Flight-TodoMVC/DeletingItems/Sync": 86.25488288869718,
  "Flight-TodoMVC/DeletingItems/total": 89.11582811615654,
  "Flight-TodoMVC/total": 352.4673250158889,
  "Inferno-TodoMVC/Adding100Items/Async": 36.86758777991847,
  "Inferno-TodoMVC/Adding100Items/Sync": 46.590830128470216,
  "Inferno-TodoMVC/Adding100Items/total": 83.49370981584734,
  "Inferno-TodoMVC/CompletingAllItems/Async": 6.906262794587639,
  "Inferno-TodoMVC/CompletingAllItems/Sync": 99.91132095367841,
  "Inferno-TodoMVC/CompletingAllItems/total": 107.051714400508,
  "Inferno-TodoMVC/DeletingItems/Async": 2.6284655660290848,
  "Inferno-TodoMVC/DeletingItems/Sync": 235.981973019991,
  "Inferno-TodoMVC/DeletingItems/total": 238.61195978436578,
  "Inferno-TodoMVC/total": 429.1950076952219,
  "Preact-TodoMVC/Adding100Items/Async": 42.61740124942836,
  "Preact-TodoMVC/Adding100Items/Sync": 6.363182199837873,
  "Preact-TodoMVC/Adding100Items/total": 48.98273454579981,
  "Preact-TodoMVC/CompletingAllItems/Async": 29.57870000312039,
  "Preact-TodoMVC/CompletingAllItems/Sync": 3.8645696106775813,
  "Preact-TodoMVC/CompletingAllItems/total": 33.4470536492976,
  "Preact-TodoMVC/DeletingItems/Async": 5.4513202306849715,
  "Preact-TodoMVC/DeletingItems/Sync": 2.0197840280221535,
  "Preact-TodoMVC/DeletingItems/total": 7.480785169094392,
  "Preact-TodoMVC/total": 89.94427758299767,
  "React-Redux-TodoMVC/Adding100Items/Async": 37.32341229161785,
  "React-Redux-TodoMVC/Adding100Items/Sync": 167.57010969926037,
  "React-Redux-TodoMVC/Adding100Items/total": 204.92814006212572,
  "React-Redux-TodoMVC/CompletingAllItems/Async": 29.197761456556695,
  "React-Redux-TodoMVC/CompletingAllItems/Sync": 169.29741147570212,
  "React-Redux-TodoMVC/CompletingAllItems/total": 198.72030638897715,
  "React-Redux-TodoMVC/DeletingItems/Async": 4.254459676760998,
  "React-Redux-TodoMVC/DeletingItems/Sync": 107.61740407407714,
  "React-Redux-TodoMVC/DeletingItems/total": 112.472761085245,
  "React-Redux-TodoMVC/total": 517.3553649602308,
  "React-TodoMVC/Adding100Items/Async": 38.64302524629366,
  "React-TodoMVC/Adding100Items/Sync": 142.87701850376214,
  "React-TodoMVC/Adding100Items/total": 181.95928579970786,
  "React-TodoMVC/CompletingAllItems/Async": 29.864444084915448,
  "React-TodoMVC/CompletingAllItems/Sync": 97.43802818295866,
  "React-TodoMVC/CompletingAllItems/total": 128.3875340842761,
  "React-TodoMVC/DeletingAllItems/Async": 4.045289245991709,
  "React-TodoMVC/DeletingAllItems/Sync": 55.75869597863463,
  "React-TodoMVC/DeletingAllItems/total": 60.53820384359545,
  "React-TodoMVC/total": 378.2074261353028,
  "Vanilla-ES2015-Babel-Webpack-TodoMVC/Adding100Items/Async": 34.6581308069505,
  "Vanilla-ES2015-Babel-Webpack-TodoMVC/Adding100Items/Sync": 325.75956430019494,
  "Vanilla-ES2015-Babel-Webpack-TodoMVC/Adding100Items/total": 360.5396757371584,
  "Vanilla-ES2015-Babel-Webpack-TodoMVC/CompletingAllItems/Async": 28.642023290559113,
  "Vanilla-ES2015-Babel-Webpack-TodoMVC/CompletingAllItems/Sync": 71.2544998190549,
  "Vanilla-ES2015-Babel-Webpack-TodoMVC/CompletingAllItems/total": 99.90347687208659,
  "Vanilla-ES2015-Babel-Webpack-TodoMVC/DeletingItems/Async": 2.969313284159607,
  "Vanilla-ES2015-Babel-Webpack-TodoMVC/DeletingItems/Sync": 45.277804689599385,
  "Vanilla-ES2015-Babel-Webpack-TodoMVC/DeletingItems/total": 48.248350277581295,
  "Vanilla-ES2015-Babel-Webpack-TodoMVC/total": 508.7185014224749,
  "Vanilla-ES2015-TodoMVC/Adding100Items/Async": 33.89664449564345,
  "Vanilla-ES2015-TodoMVC/Adding100Items/Sync": 345.8412534613109,
  "Vanilla-ES2015-TodoMVC/Adding100Items/total": 379.7477642719278,
  "Vanilla-ES2015-TodoMVC/CompletingAllItems/Async": 29.02494008682393,