{
  "Angular2-TypeScript-TodoMVC/Adding100Items/Async": 34.36836400269949,
  "Angular2-TypeScript-TodoMVC/Adding100Items/Sync": 53.82406205100063,
  "Angular2-TypeScript-TodoMVC/Adding100Items/total": 88.23446666068565,
  "Angular2-TypeScript-TodoMVC/CompletingAllItems/Async": 14.188990813612376,
  "Angular2-TypeScript-TodoMVC/CompletingAllItems/Sync": 9.724139998084636,
  "Angular2-TypeScript-TodoMVC/CompletingAllItems/total": 23.915818076852297,
  "Angular2-TypeScript-TodoMVC/DeletingItems/Async": 2.7281468392674726,
  "Angular2-TypeScript-TodoMVC/DeletingItems/Sync": 17.728205326371697,
  "Angular2-TypeScript-TodoMVC/DeletingItems/total": 20.46295963769597,
  "Angular2-TypeScript-TodoMVC/total": 132.62685302231097,
  "AngularJS-TodoMVC/Adding100Items/Async": 51.517604869215376,
  "AngularJS-TodoMVC/Adding100Items/Sync": 232.34538529357064,
  "AngularJS-TodoMVC/Adding100Items/total": 284.85519368780234,
  "AngularJS-TodoMVC/CompletingAllItems/Async": 29.285468020051574,
  "AngularJS-TodoMVC/CompletingAllItems/Sync": 68.259612580089,
  "AngularJS-TodoMVC/CompletingAllItems/total": 97.60045536040728,
  "AngularJS-TodoMVC/DeletingAllItems/Async": 14.169759887205503,
  "AngularJS-TodoMVC/DeletingAllItems/Sync": 261.5806204860101,
  "AngularJS-TodoMVC/DeletingAllItems/total": 275.91029220446586,
  "AngularJS-TodoMVC/total": 666.7863155719284,
  "BackboneJS-TodoMVC/Adding100Items/Async": 40.388951148453486,
  "BackboneJS-TodoMVC/Adding100Items/Sync": 69.52662321159333,
  "BackboneJS-TodoMVC/Adding100Items/total": 109.92860200370998,
  "BackboneJS-TodoMVC/CompletingAllItems/Async": 31.4866998475314,
  "BackboneJS-TodoMVC/CompletingAllItems/Sync": 45.592399090884044,
  "BackboneJS-TodoMVC/CompletingAllItems/total": 77.08126266657247,
  "BackboneJS-TodoMVC/DeletingAllItems/Async": 3.7038194572845895,
  "BackboneJS-TodoMVC/DeletingAllItems/Sync": 28.931459473173508,
  "BackboneJS-TodoMVC/DeletingAllItems/total": 32.660630052507074,
  "BackboneJS-TodoMVC/total": 219.69500360187845,
  "Elm-TodoMVC/Adding100Items/Async": 49.47056103382479,
  "Elm-TodoMVC/Adding100Items/Sync": 159.6735693245602,
  "Elm-TodoMVC/Adding100Items/total": 211.58453708310893,
  "Elm-TodoMVC/CompletingAllItems/Async": 35.569112223066945,
  "Elm-TodoMVC/CompletingAllItems/Sync": 133.10645794332854,
  "Elm-TodoMVC/CompletingAllItems/total": 169.53073111501004,
  "Elm-TodoMVC/DeletingItems/Async": 9.99347327478979,
  "Elm-TodoMVC/DeletingItems/Sync": 138.28743258429884,
  "Elm-TodoMVC/DeletingItems/total": 148.7860006484966,
  "Elm-TodoMVC/total": 545.6971624166449,
  "EmberJS-Debug-TodoMVC/Adding100Items/Async": 44.84921384290636,
  "EmberJS-Debug-TodoMVC/Adding100Items/Sync": 659.6101168016943,
  "EmberJS-Debug-TodoMVC/Adding100Items/total": 704.7944803100419,
  "EmberJS-Debug-TodoMVC/CompletingAllItems/Async": 32.25864440044518,
  "EmberJS-Debug-TodoMVC/CompletingAllItems/Sync": 347.9636472339802,
  "EmberJS-Debug-TodoMVC/CompletingAllItems/total": 380.41251272263656,
  "EmberJS-Debug-TodoMVC/DeletingItems/Async": 6.259520940571274,
  "EmberJS-Debug-TodoMVC/DeletingItems/Sync": 368.99078309741327,
  "EmberJS-Debug-TodoMVC/DeletingItems/total": 377.0224669364151,
  "EmberJS-Debug-TodoMVC/total": 1468.7540578253593,
  "EmberJS-TodoMVC/Adding100Items/Async": 39.16177537709835,
  "EmberJS-TodoMVC/Adding100Items/Sync": 239.08315774512562,
  "EmberJS-TodoMVC/Adding100Items/total": 279.06234315782103,
  "EmberJS-TodoMVC/CompletingAllItems/Async": 32.89340473632949,
  "EmberJS-TodoMVC/CompletingAllItems/Sync": 117.4424901329391,
  "EmberJS-TodoMVC/CompletingAllItems/total": 150.52408773058838,
  "EmberJS-TodoMVC/DeletingItems/Async": 3.9268866267739106,
  "EmberJS-TodoMVC/DeletingItems/Sync": 94.00791444202154,
  "EmberJS-TodoMVC/DeletingItems/total": 98.89634799951811,
  "EmberJS-TodoMVC/total": 540.136633194414,
  "Flight-TodoMVC/Adding100Items/Async": 35.788085001768096,
  "Flight-TodoMVC/Adding100Items/Sync": 96.25362604708548,
  "Flight-TodoMVC/Adding100Items/total": 132.04844273570882,
  "Flight-TodoMVC/CompletingAllItems/Async": 27.718072543194175,
  "Flight-TodoMVC/CompletingAllItems/Sync": 104.59061708724762,
  "Flight-TodoMVC/CompletingAllItems/total": 132.31116126545984,
  "Flight-TodoMVC/DeletingItems/Async": 2.8888103131237393,
  "Flight-TodoMVC/DeletingItems/Sync": 88.59812496826635,
  "Flight-TodoMVC/DeletingItems/total": 91.48830940092871,
  "Flight-TodoMVC/total": 355.8651557056882,
  "Inferno-TodoMVC/Adding100Items/Async": 41.387920634010655,
  "Inferno-TodoMVC/Adding100Items/Sync": 49.09320700269211,
  "Inferno-TodoMVC/Adding100Items/total": 90.72505901509469,
  "Inferno-TodoMVC/CompletingAllItems/Async": 8.873928441879915,
  "Inferno-TodoMVC/CompletingAllItems/Sync": 153.01402050785634,
  "Inferno-TodoMVC/CompletingAllItems/total": 162.5294219938386,
  "Inferno-TodoMVC/DeletingItems/Async": 3.8482146522252667,
  "Inferno-TodoMVC/DeletingItems/Sync": 244.08390950510062,
  "Inferno-TodoMVC/DeletingItems/total": 248.61531117993425,
  "Inferno-TodoMVC/total": 514.8162204052481,
  "Preact-TodoMVC/Adding100Items/Async": 43.91067923447136,
  "Preact-TodoMVC/Adding100Items/Sync": 6.080956965069084,
  "Preact-TodoMVC/Adding100Items/total": 50.006285986966276,
  "Preact-TodoMVC/CompletingAllItems/Async": 28.282265104504905,
  "Preact-TodoMVC/CompletingAllItems/Sync": 3.7851178069801876,
  "Preact-TodoMVC/CompletingAllItems/total": 32.12630384544491,
  "Preact-TodoMVC/DeletingItems/Async": 5.69740265757858,
  "Preact-TodoMVC/DeletingItems/Sync": 2.0150015430284203,
  "Preact-TodoMVC/DeletingItems/total": 7.7218835723321835,
  "Preact-TodoMVC/total": 90.27643120116379,
  "React-Redux-TodoMVC/Adding100Items/Async": 40.731399727231775,
  "React-Redux-TodoMVC/Adding100Items/Sync": 186.7925447574956,
  "React-Redux-TodoMVC/Adding100Items/total": 228.12827298706512,
  "React-Redux-TodoMVC/CompletingAllItems/Async": 28.38887029406344,
  "React-Redux-TodoMVC/CompletingAllItems/Sync": 177.98704162962875,
  "React-Redux-TodoMVC/CompletingAllItems/total": 206.7243071318532,
  "React-Redux-TodoMVC/DeletingItems/Async": 3.742301098553131,
  "React-Redux-TodoMVC/DeletingItems/Sync": 110.01982407658902,
  "React-Redux-TodoMVC/DeletingItems/total": 114.37997748963355,
  "React-Redux-TodoMVC/total": 552.3653062166694,
  "React-TodoMVC/Adding100Items/Async": 39.6864841806793,
  "React-TodoMVC/Adding100Items/Sync": 137.27320875091908,
  "React-TodoMVC/Adding100Items/total": 177.1284994840338,
  "React-TodoMVC/CompletingAllItems/Async": 31.61486574200691,
  "React-TodoMVC/CompletingAllItems/Sync": 97.6393948908336,
  "React-TodoMVC/CompletingAllItems/total": 130.25365423938314,
  "React-TodoMVC/DeletingAllItems/Async": 3.2818232931726476,
  "React-TodoMVC/DeletingAllItems/Sync": 56.37180779391073,
  "React-TodoMVC/DeletingAllItems/total": 60.01120463892467,
  "React-TodoMVC/total": 370.4894368803473,
  "Vanilla-ES2015-Babel-Webpack-TodoMVC/Adding100Items/Async": 34.15226729166661,
  "Vanilla-ES2015-Babel-Webpack-TodoMVC/Adding100Items/Sync": 325.34321193322177,
  "Vanilla-ES2015-Babel-Webpack-TodoMVC/Adding100Items/total": 359.517918207676,
  "Vanilla-ES2015-Babel-Webpack-TodoMVC/CompletingAllItems/Async": 28.184849348726356,
  "Vanilla-ES2015-Babel-Webpack-TodoMVC/CompletingAllItems/Sync": 72.66546805053514,
  "Vanilla-ES2015-Babel-Webpack-TodoMVC/CompletingAllItems/total": 100.87158762485653,
  "Vanilla-ES2015-Babel-Webpack-TodoMVC/DeletingItems/Async": 2.978046575945065,
  "Vanilla-ES2015-Babel-Webpack-TodoMVC/DeletingItems/Sync": 45.82589257064627,
  "Vanilla-ES2015-Babel-Webpack-TodoMVC/DeletingItems/total": 48.807254117849844,
  "Vanilla-ES2015-Babel-Webpack-TodoMVC/total": 509.2339864543174,
  "Vanilla-ES2015-TodoMVC/Adding100Items/Async": 34.3376285386603,
  "Vanilla-ES2015-TodoMVC/Adding100Items/Sync": 331.5236358422361,
  "Vanilla-ES2015-TodoMVC/Adding100Items/total": 365.9112117289964,
  "Vanilla-ES2015-TodoMVC/CompletingAllItems/Async": 28.91184528703478,