{
  "Angular2-TypeScript-TodoMVC/Adding100Items/Async": 34.257866267726094,
  "Angular2-TypeScript-TodoMVC/Adding100Items/Sync": 54.02923270245355,
  "Angular2-TypeScript-TodoMVC/Adding100Items/total": 88.32598773802472,
  "Angular2-TypeScript-TodoMVC/CompletingAllItems/Async": 14.188640562647723,
  "Angular2-TypeScript-TodoMVC/CompletingAllItems/Sync": 9.932759638389125,
  "Angular2-TypeScript-TodoMVC/CompletingAllItems/total": 24.126184977002353,
  "Angular2-TypeScript-TodoMVC/DeletingItems/Async": 2.6692363858434267,
  "Angular2-TypeScript-TodoMVC/DeletingItems/Sync": 17.623615015940974,
  "Angular2-TypeScript-TodoMVC/DeletingItems/total": 20.29809177624188,
  "Angular2-TypeScript-TodoMVC/total": 132.76327354597228,
  "AngularJS-TodoMVC/Adding100Items/Async": 49.251036263849244,
  "AngularJS-TodoMVC/Adding100Items/Sync": 242.17820012622624,
  "AngularJS-TodoMVC/Adding100Items/total": 292.2630509505651,
  "AngularJS-TodoMVC/CompletingAllItems/Async": 30.229198543138967,
  "AngularJS-TodoMVC/CompletingAllItems/Sync": 76.37675271685903,
  "AngularJS-TodoMVC/CompletingAllItems/total": 106.89704407193271,
  "AngularJS-TodoMVC/DeletingAllItems/Async": 16.122298750608756,
  "AngularJS-TodoMVC/DeletingAllItems/Sync": 275.7610880136761,
  "AngularJS-TodoMVC/DeletingAllItems/total": 291.9777880631619,
  "AngularJS-TodoMVC/total": 700.1787600895768,
  "BackboneJS-TodoMVC/Adding100Items/Async": 40.24649943696456,
  "BackboneJS-TodoMVC/Adding100Items/Sync": 71.17631662187563,
  "BackboneJS-TodoMVC/Adding100Items/total": 111.43367792673584,
  "BackboneJS-TodoMVC/CompletingAllItems/Async": 31.368704370857376,
  "BackboneJS-TodoMVC/CompletingAllItems/Sync": 47.21104627914391,
  "BackboneJS-TodoMVC/CompletingAllItems/total": 78.6150586177434,
  "BackboneJS-TodoMVC/DeletingAllItems/Async": 3.514711659569729,
  "BackboneJS-TodoMVC/DeletingAllItems/Sync": 30.687574926400764,
  "BackboneJS-TodoMVC/DeletingAllItems/total": 34.246967888801706,
  "BackboneJS-TodoMVC/total": 224.5379009700269,
  "Elm-TodoMVC/Adding100Items/Async": 49.775812658101636,
  "Elm-TodoMVC/Adding100Items/Sync": 147.32813425558027,
  "Elm-TodoMVC/Adding100Items/total": 198.62591862789733,
  "Elm-TodoMVC/CompletingAllItems/Async": 35.47703487437585,
  "Elm-TodoMVC/CompletingAllItems/Sync": 139.15460629307879,
  "Elm-TodoMVC/CompletingAllItems/total": 175.88056579623878,
  "Elm-TodoMVC/DeletingItems/Async": 10.081266720589051,
  "Elm-TodoMVC/DeletingItems/Sync": 145.86931493980677,
  "Elm-TodoMVC/DeletingItems/total": 156.42081737449618,
  "Elm-TodoMVC/total": 543.2887869405554,
  "EmberJS-Debug-TodoMVC/Adding100Items/Async": 43.01394666784484,
  "EmberJS-Debug-TodoMVC/Adding100Items/Sync": 580.5503097497412,
  "EmberJS-Debug-TodoMVC/Adding100Items/total": 623.6323680524475,
  "EmberJS-Debug-TodoMVC/CompletingAllItems/Async": 31.173335351279608,
  "EmberJS-Debug-TodoMVC/CompletingAllItems/Sync": 391.76043819042314,
  "EmberJS-Debug-TodoMVC/CompletingAllItems/total": 423.1402675473168,
  "EmberJS-Debug-TodoMVC/DeletingItems/Async": 8.79720120306799,
  "EmberJS-Debug-TodoMVC/DeletingItems/Sync": 407.6359833119105,
  "EmberJS-Debug-TodoMVC/DeletingItems/total": 417.41356222208213,
  "EmberJS-Debug-TodoMVC/total": 1475.3709864946504,
  "EmberJS-TodoMVC/Adding100Items/Async": 38.08205171109934,
  "EmberJS-TodoMVC/Adding100Items/Sync": 203.68539676899994,
  "EmberJS-TodoMVC/Adding100Items/total": 241.91106291890236,
  "EmberJS-TodoMVC/CompletingAllItems/Async": 33.232600813509876,
  "EmberJS-TodoMVC/CompletingAllItems/Sync": 123.46307000354005,
  "EmberJS-TodoMVC/CompletingAllItems/total": 157.59336795552684,
  "EmberJS-TodoMVC/DeletingItems/Async": 3.3687814386604016,
  "EmberJS-TodoMVC/DeletingItems/Sync": 77.69252403950468,
  "EmberJS-TodoMVC/DeletingItems/total": 81.56737694570913,
  "EmberJS-TodoMVC/total": 481.9423314137606,
  "Flight-TodoMVC/Adding100Items/Async": 36.36744284292751,
  "Flight-TodoMVC/Adding100Items/Sync": 106.89446299541508,
  "Flight-TodoMVC/Adding100Items/total": 143.6771201002194,
  "Flight-TodoMVC/CompletingAllItems/Async": 28.114539136719817,
  "Flight-TodoMVC/CompletingAllItems/Sync": 107.4133545589733,
  "Flight-TodoMVC/CompletingAllItems/total": 135.54024051863922,
  "Flight-TodoMVC/DeletingItems/Async": 3.2323519628900947,
  "Flight-TodoMVC/DeletingItems/Sync": 89.60797301900583,
  "Flight-TodoMVC/DeletingItems/total": 93.01949851038043,
  "Flight-TodoMVC/total": 373.6890034404866,
  "Inferno-TodoMVC/Adding100Items/Async": 42.42879377592929,
  "Inferno-TodoMVC/Adding100Items/Sync": 50.96813555347706,
  "Inferno-TodoMVC/Adding100Items/total": 93.69013947466327,
  "Inferno-TodoMVC/CompletingAllItems/Async": 10.255859493780319,
  "Inferno-TodoMVC/CompletingAllItems/Sync": 116.86363381438997,
  "Inferno-TodoMVC/CompletingAllItems/total": 127.56389565703263,
  "Inferno-TodoMVC/DeletingItems/Async": 3.083098226460923,
  "Inferno-TodoMVC/DeletingItems/Sync": 260.35798542214326,
  "Inferno-TodoMVC/DeletingItems/total": 263.5277636655006,
  "Inferno-TodoMVC/total": 486.0836235214614,
  "Preact-TodoMVC/Adding100Items/Async": 43.858344328195834,
  "Preact-TodoMVC/Adding100Items/Sync": 6.651940950619469,
  "Preact-TodoMVC/Adding100Items/total": 50.5271165033467,
  "Preact-TodoMVC/CompletingAllItems/Async": 30.26480333415158,
  "Preact-TodoMVC/CompletingAllItems/Sync": 3.9958194634413413,
  "Preact-TodoMVC/CompletingAllItems/total": 34.26919000882227,
  "Preact-TodoMVC/DeletingItems/Async": 6.040769497426609,
  "Preact-TodoMVC/DeletingItems/Sync": 2.2398581293453654,
  "Preact-TodoMVC/DeletingItems/total": 8.306728724137368,
  "Preact-TodoMVC/total": 93.16594177433204,
  "React-Redux-TodoMVC/Adding100Items/Async": 40.25126322101868,
  "React-Redux-TodoMVC/Adding100Items/Sync": 205.11631406769553,
  "React-Redux-TodoMVC/Adding100Items/total": 246.49335229335287,
  "React-Redux-TodoMVC/CompletingAllItems/Async": 28.815161066360762,
  "React-Redux-TodoMVC/CompletingAllItems/Sync": 180.414288480569,
  "React-Redux-TodoMVC/CompletingAllItems/total": 209.34633697479728,
  "React-Redux-TodoMVC/DeletingItems/Async": 4.529243461141258,
  "React-Redux-TodoMVC/DeletingItems/Sync": 119.36717522132732,
  "React-Redux-TodoMVC/DeletingItems/total": 124.35095352158974,
  "React-Redux-TodoMVC/total": 587.0593281423377,
  "React-TodoMVC/Adding100Items/Async": 41.216878353075906,
  "React-TodoMVC/Adding100Items/Sync": 161.1365008681644,
  "React-TodoMVC/Adding100Items/total": 203.50021376932017,
  "React-TodoMVC/CompletingAllItems/Async": 31.67263582148807,
  "React-TodoMVC/CompletingAllItems/Sync": 107.34727529674207,
  "React-TodoMVC/CompletingAllItems/total": 140.16643626652547,
  "React-TodoMVC/DeletingAllItems/Async": 4.5419524069544766,
  "React-TodoMVC/DeletingAllItems/Sync": 58.14975117658329,
  "React-TodoMVC/DeletingAllItems/total": 63.55283561650861,
  "React-TodoMVC/total": 418.53865795982455,
  "Vanilla-ES2015-Babel-Webpack-TodoMVC/Adding100Items/Async": 34.020576320079414,
  "Vanilla-ES2015-Babel-Webpack-TodoMVC/Adding100Items/Sync": 330.55016120716095,
  "Vanilla-ES2015-Babel-Webpack-TodoMVC/Adding100Items/total": 364.59832593309307,
  "Vanilla-ES2015-Babel-Webpack-TodoMVC/CompletingAllItems/Async": 27.369025095340156,
  "Vanilla-ES2015-Babel-Webpack-TodoMVC/CompletingAllItems/Sync": 71.12565200702855,
  "Vanilla-ES2015-Babel-Webpack-TodoMVC/CompletingAllItems/total": 98.51069556919367,
  "Vanilla-ES2015-Babel-Webpack-TodoMVC/DeletingItems/Async": 3.0091838777137876,
  "Vanilla-ES2015-Babel-Webpack-TodoMVC/DeletingItems/Sync": 45.005350509776335,
  "Vanilla-ES2015-Babel-Webpack-TodoMVC/DeletingItems/total": 48.01585976117465,
  "Vanilla-ES2015-Babel-Webpack-TodoMVC/total": 511.13628615650595,
  "Vanilla-ES2015-TodoMVC/Adding100Items/Async": 33.60711713881647,
  "Vanilla-ES2015-TodoMVC/Adding100Items/Sync": 340.38834076095736,
  "Vanilla-ES2015-TodoMVC/Adding100Items/total": 374.02790192238353,
  "Vanilla-ES2015-TodoMVC/CompletingAllItems/Async": 28.84234221721635,