{
  "Angular2-TypeScript-TodoMVC/Adding100Items/Async": 33.74871825490046,
  "Angular2-TypeScript-TodoMVC/Adding100Items/Sync": 49.52272421015089,
  "Angular2-TypeScript-TodoMVC/Adding100Items/total": 83.30327775909177,
  "Angular2-TypeScript-TodoMVC/CompletingAllItems/Async": 16.136570406467648,
  "Angular2-TypeScript-TodoMVC/CompletingAllItems/Sync": 9.644339044727879,
  "Angular2-TypeScript-TodoMVC/CompletingAllItems/total": 25.950863251182046,
  "Angular2-TypeScript-TodoMVC/DeletingItems/Async": 3.014905062253767,
  "Angular2-TypeScript-TodoMVC/DeletingItems/Sync": 17.44160146903302,
  "Angular2-TypeScript-TodoMVC/DeletingItems/total": 20.670838941924075,
  "Angular2-TypeScript-TodoMVC/total": 130.26042511790445,
  "AngularJS-TodoMVC/Adding100Items/Async": 43.766349939868924,
  "AngularJS-TodoMVC/Adding100Items/Sync": 214.65107998363288,
  "AngularJS-TodoMVC/Adding100Items/total": 258.7485705118039,
  "AngularJS-TodoMVC/CompletingAllItems/Async": 29.091544190036423,
  "AngularJS-TodoMVC/CompletingAllItems/Sync": 66.28868078800616,
  "AngularJS-TodoMVC/CompletingAllItems/total": 95.41559832335301,
  "AngularJS-TodoMVC/DeletingAllItems/Async": 13.345405303551898,
  "AngularJS-TodoMVC/DeletingAllItems/Sync": 220.11413879267096,
  "AngularJS-TodoMVC/DeletingAllItems/total": 233.46843696820028,
  "AngularJS-TodoMVC/total": 589.514569305926,
  "BackboneJS-TodoMVC/Adding100Items/Async": 40.05787555065085,
  "BackboneJS-TodoMVC/Adding100Items/Sync": 69.22345658775265,
  "BackboneJS-TodoMVC/Adding100Items/total": 109.29279023093676,
  "BackboneJS-TodoMVC/CompletingAllItems/Async": 31.22854640478006,
  "BackboneJS-TodoMVC/CompletingAllItems/Sync": 45.43244212574227,
  "BackboneJS-TodoMVC/CompletingAllItems/total": 76.66241450377953,
  "BackboneJS-TodoMVC/DeletingAllItems/Async": 3.449457389036735,
  "BackboneJS-TodoMVC/DeletingAllItems/Sync": 28.81115949070952,
  "BackboneJS-TodoMVC/DeletingAllItems/total": 32.2731386537804,
  "BackboneJS-TodoMVC/total": 218.24915685211425,
  "Elm-TodoMVC/Adding100Items/Async": 47.47621157326939,
  "Elm-TodoMVC/Adding100Items/Sync": 131.6330643881676,
  "Elm-TodoMVC/Adding100Items/total": 180.73191129334137,
  "Elm-TodoMVC/CompletingAllItems/Async": 34.22059940408607,
  "Elm-TodoMVC/CompletingAllItems/Sync": 126.8127020550632,
  "Elm-TodoMVC/CompletingAllItems/total": 161.87702326348398,
  "Elm-TodoMVC/DeletingItems/Async": 9.80866118668724,
  "Elm-TodoMVC/DeletingItems/Sync": 132.71178188344336,
  "Elm-TodoMVC/DeletingItems/total": 142.90260760194963,
  "Elm-TodoMVC/total": 495.9726298103802,
  "EmberJS-Debug-TodoMVC/Adding100Items/Async": 44.65055614136621,
  "EmberJS-Debug-TodoMVC/Adding100Items/Sync": 554.2054545647566,
  "EmberJS-Debug-TodoMVC/Adding100Items/total": 598.8885832362953,
  "EmberJS-Debug-TodoMVC/CompletingAllItems/Async": 29.369561274710424,
  "EmberJS-Debug-TodoMVC/CompletingAllItems/Sync": 347.50933163563764,
  "EmberJS-Debug-TodoMVC/CompletingAllItems/total": 376.94351104082074,
  "EmberJS-Debug-TodoMVC/DeletingItems/Async": 5.056523244807153,
  "EmberJS-Debug-TodoMVC/DeletingItems/Sync": 375.66102156848933,
  "EmberJS-Debug-TodoMVC/DeletingItems/total": 381.482087938144,
  "EmberJS-Debug-TodoMVC/total": 1362.0922631800804,
  "EmberJS-TodoMVC/Adding100Items/Async": 36.687309453077035,
  "EmberJS-TodoMVC/Adding100Items/Sync": 191.16441649908612,
  "EmberJS-TodoMVC/Adding100Items/total": 227.9060257039738,
  "EmberJS-TodoMVC/CompletingAllItems/Async": 29.00130342894309,
  "EmberJS-TodoMVC/CompletingAllItems/Sync": 124.34394133816309,
  "EmberJS-TodoMVC/CompletingAllItems/total": 153.65085820178186,
  "EmberJS-TodoMVC/DeletingItems/Async": 3.294810513299073,
  "EmberJS-TodoMVC/DeletingItems/Sync": 80.17998027642068,
  "EmberJS-TodoMVC/DeletingItems/total": 83.84138674488001,
  "EmberJS-TodoMVC/total": 467.69421921839415,
  "Flight-TodoMVC/Adding100Items/Async": 35.62868247370595,
  "Flight-TodoMVC/Adding100Items/Sync": 95.02338639689496,
  "Flight-TodoMVC/Adding100Items/total": 130.65673839653857,
  "Flight-TodoMVC/CompletingAllItems/Async": 27.667733107173785,
  "Flight-TodoMVC/CompletingAllItems/Sync": 103.4866305635702,
  "Flight-TodoMVC/CompletingAllItems/total": 131.15674760083033,
  "Flight-TodoMVC/DeletingItems/Async": 2.835328357365224,
  "Flight-TodoMVC/DeletingItems/Sync": 85.76340983305646,
  "Flight-TodoMVC/DeletingItems/total": 88.60198047259007,
  "Flight-TodoMVC/total": 350.42666653656903,
  "Inferno-TodoMVC/Adding100Items/Async": 37.01577948517664,
  "Inferno-TodoMVC/Adding100Items/Sync": 48.34728995330911,
  "Inferno-TodoMVC/Adding100Items/total": 85.42829085153421,
  "Inferno-TodoMVC/CompletingAllItems/Async": 6.732431763217565,
  "Inferno-TodoMVC/CompletingAllItems/Sync": 101.12887886916471,
  "Inferno-TodoMVC/CompletingAllItems/total": 108.0996241774357,
  "Inferno-TodoMVC/DeletingItems/Async": 2.609058560824053,
  "Inferno-TodoMVC/DeletingItems/Sync": 237.35457765571988,
  "Inferno-TodoMVC/DeletingItems/total": 239.96590262620174,
  "Inferno-TodoMVC/total": 433.53209922938385,
  "Preact-TodoMVC/Adding100Items/Async": 42.545696617684,
  "Preact-TodoMVC/Adding100Items/Sync": 6.201708199329141,
  "Preact-TodoMVC/Adding100Items/total": 48.75119126742817,
  "Preact-TodoMVC/CompletingAllItems/Async": 29.65687383663642,
  "Preact-TodoMVC/CompletingAllItems/Sync": 3.824070631321243,
  "Preact-TodoMVC/CompletingAllItems/total": 33.48513991979307,
  "Preact-TodoMVC/DeletingItems/Async": 5.615454476108686,
  "Preact-TodoMVC/DeletingItems/Sync": 2.0452717372719516,
  "Preact-TodoMVC/DeletingItems/total": 7.676174070604338,
  "Preact-TodoMVC/total": 89.95528790207858,
  "React-Redux-TodoMVC/Adding100Items/Async": 37.34460385168694,
  "React-Redux-TodoMVC/Adding100Items/Sync": 166.9986167552717,
  "React-Redux-TodoMVC/Adding100Items/total": 204.3714591487302,
  "React-Redux-TodoMVC/CompletingAllItems/Async": 28.360906386192305,
  "React-Redux-TodoMVC/CompletingAllItems/Sync": 170.68472496313956,
  "React-Redux-TodoMVC/CompletingAllItems/total": 199.30511670294206,
  "React-Redux-TodoMVC/DeletingItems/Async": 4.138856081188925,
  "React-Redux-TodoMVC/DeletingItems/Sync": 116.09388728548251,
  "React-Redux-TodoMVC/DeletingItems/total": 120.55031885243469,
  "React-Redux-TodoMVC/total": 530.2916439866558,
  "React-TodoMVC/Adding100Items/Async": 38.677175273361506,
  "React-TodoMVC/Adding100Items/Sync": 146.35605243667445,
  "React-TodoMVC/Adding100Items/total": 185.93984366735512,
  "React-TodoMVC/CompletingAllItems/Async": 29.365677926647145,
  "React-TodoMVC/CompletingAllItems/Sync": 90.38974083740895,
  "React-TodoMVC/CompletingAllItems/total": 120.40198227738541,
  "React-TodoMVC/DeletingAllItems/Async": 3.576582228059422,
  "React-TodoMVC/DeletingAllItems/Sync": 55.52296368630484,
  "React-TodoMVC/DeletingAllItems/total": 59.54624589599603,
  "React-TodoMVC/total": 371.7760810917989,
  "Vanilla-ES2015-Babel-Webpack-TodoMVC/Adding100Items/Async": 34.111904098636714,
  "Vanilla-ES2015-Babel-Webpack-TodoMVC/Adding100Items/Sync": 324.90178776077977,
  "Vanilla-ES2015-Babel-Webpack-TodoMVC/Adding100Items/total": 359.03586336292597,
  "Vanilla-ES2015-Babel-Webpack-TodoMVC/CompletingAllItems/Async": 26.995515843733475,
  "Vanilla-ES2015-Babel-Webpack-TodoMVC/CompletingAllItems/Sync": 71.23298429125589,
  "Vanilla-ES2015-Babel-Webpack-TodoMVC/CompletingAllItems/total": 98.2356947856512,
  "Vanilla-ES2015-Babel-Webpack-TodoMVC/DeletingItems/Async": 2.968983192863697,
  "Vanilla-ES2015-Babel-Webpack-TodoMVC/DeletingItems/Sync": 45.27760833992817,
  "Vanilla-ES2015-Babel-Webpack-TodoMVC/DeletingItems/total": 48.24824270192227,
  "Vanilla-ES2015-Babel-Webpack-TodoMVC/total": 505.526794354736,
  "Vanilla-ES2015-TodoMVC/Adding100Items/Async": 33.95866403391039,
  "Vanilla-ES2015-TodoMVC/Adding100Items/Sync": 333.1499093459122,
  "Vanilla-ES2015-TodoMVC/Adding100Items/total": 367.17686088260825,
  "Vanilla-ES2015-TodoMVC/CompletingAllItems/Async": 29.04843250255969,